Account Name,Company Name,Vertical,Industry,Workflow Type,Company Description,Supply Chain Position
conequippartsandequipmentllc,Conequip Parts & Equipment LLC,Wholesale and distribution services (MWD),Construction Equipment & Heavy Machinery Parts Distribution,Parts Distribution - Multi-Brand,"Distributor of new, aftermarket, used, and rebuilt parts for heavy construction equipment. Provides parts for all brands including CAT, Komatsu, Case, Deere, Kobelco, Cummins, Volvo CE, and more through warehouse network in USA, Canada & UK.",Distribution
j2medicalsupplyinc,J2 Medical Supply Inc,Wholesale and distribution services (MWD),Medical Equipment & Supplies Wholesale Distribution,Medical Supply Distribution - Wholesale & Direct,"MBE certified manufacturer and supplier of high-quality medical solutions. FDA-approved distributor with 300,000+ products including national brands and private-label medical products. Founded 2020 in Valencia, CA.",Manufacturing + Wholesale
dewesoft,DEWESoft LLC.,Manufacturing (MWD),Data Acquisition Systems & Test Measurement Solutions,Manufacturing & Software - European DAQ Systems Specialist,100% employee-owned company (designed to remain for 100+ years). Hardware/software made in Europe. Designed/developed/manufactured/calibrated in-house in state-of-the-art facilities. Industry-leading 7-year warranty. Award-winning DewesoftX software (Automotive Testing International best software innovation). Website: dewesoft.com.,Manufacturing
fujimats,"FUJI Mats, LLC",Manufacturing (MWD),Sporting Goods Manufacturing - Martial Arts Equipment,Manufacturing & Distribution - Direct & Dealer Network,"US-based manufacturer of training mats and gym equipment for martial arts (Jiu Jitsu, MMA, Judo). Official IJF Supplier. Products manufactured in USA with worldwide distribution through resellers and international distributors.",Manufacturing + Wholesale + Distribution
yoderbilt,"Yoderbilt, LLC",Manufacturing (MWD),Outdoor Living Products Manufacturing,Manufacturing - Handcrafted Products,"US-based manufacturer of handcrafted greenhouses, chicken coops, and AnyPet™ Enclosures. Each product fully assembled and delivered to permanent location. Headquarters in Mansfield, Arkansas. Nationwide dealer network.",Manufacturing
php,"PowerHandling, Inc",Manufacturing (MWD),Material Handling Equipment Manufacturing & Distribution,Manufacturing & Distribution - Worldwide Network,"Founded 2001 in LA, headquartered Spokane, WA. Develops compact, reliable, powerful air-powered roll movers for moving paper rolls and cable/wire reels. Worldwide distribution network of agents.",Manufacturing + Distribution
brownsafe,"Brown Safe Manufacturing, Inc",Manufacturing (MWD),Security Equipment Manufacturing - High-Security Safes & Vaults,Custom Manufacturing - High-Security Products,"Family-owned since 1980, headquartered Vista, CA. 85,000 sq ft facility, 60+ employees. Manufactures world's most-secure safes and vaults for government embassies, military bases, naval ships, jewelers, celebrity estates. 50-year warranty.",Manufacturing
celluma,"BioPhotas, Inc.",Manufacturing (MWD),Medical Device Manufacturing - LED Light Therapy,Manufacturing - FDA Regulated Medical Devices,"FDA registered medical device company founded 2011 in Tustin, CA. Flagship product Celluma uses proprietary photo-modulation LED technology. 10 FDA clearances for treatment indications including acne, wrinkles, arthritis, pain, hair loss.",Manufacturing
ciamedical,"Central Infusion Alliance, Inc.",Wholesale and distribution services (MWD),Medical Supplies Wholesale Distribution,Wholesale Distribution - Multi-Facility Healthcare,"Founded 2012, Skokie, IL. Largest online source for medical supplies serving 25,000+ customers nationwide. Wholesale to physicians, dentists, hospitals, nursing homes, hospice facilities.",Wholesale + Distribution
niagaramachine1,"Niagara Machine,1803 Associates Lane Charlotte NC 28217",Wholesale and distribution services (MWD),Construction Equipment & Concrete Surface Preparation Distribution,National Distribution - Multi-Location,"National distributor headquartered Erie, PA with facilities in Charlotte NC, Philadelphia, NYC area, Florida, and Texas. Specializes in concrete flooring and surface preparation equipment, tooling, and chemicals for professional contractors.",Distribution
LappStructures,Lapp Structures,Manufacturing (MWD),Custom Outdoor Structures Manufacturing,Custom Manufacturing - Handcrafted Products,"Lancaster County PA manufacturer of custom sheds, garages, greenhouses, and pool houses since 1987. Each structure built by hand with Amish craftsmanship. 5-year warranty on every structure.",Manufacturing
aquamatic,Aquamatic Cover Systems,Manufacturing (MWD),Pool Safety Equipment Manufacturing,Manufacturing - Patented Hydraulic Systems,"Founded 1978, industry leader in automatic pool safety covers. Holds more patents than all other cover companies combined. 43 years pursuing quality. UL tested and ASTM certified.",Manufacturing
lenworth,Lenworth Building Services Limited,Wholesale and distribution services (MWD),Commercial Building Equipment & Services,"Sales, Installation & Service - Solution-Based","Founded 2003 in Greater Toronto Area by Ralph Cawker. Sells, installs, and services commercial overhead doors, high-speed doors, loading dock equipment, and industrial fans. 24-hour emergency service to minimize facility downtime.",Unclear
FlowTurn,Flow-Turn Inc,Manufacturing (MWD),Powered Belt Curves & Spiral Conveyors Manufacturing,Global Manufacturing - Since 1980,"Founded 1980, Union, NJ. Global manufacturer of powered belt curves and spiral conveyors. Dedicated to delivering simple, efficient, reliable products to diverse national/international customers. Distribution/fulfillment centers, packaging/parcel facilities, airports installations.",Manufacturing
biggameusaCo2,BIG GAME SPORTS INC,Retail,Sporting Goods Manufacturing - Footballs,Manufacturing - Handcrafted Products,"Dallas, Texas manufacturer of handcrafted footballs for American fans. Produces custom footballs used by college teams. 'Truly as American as it gets' positioning.",Manufacturing
usafleetsolutions,USA Fleet Solutions,Manufacturing (MWD),Fleet Management Technology & Telematics,GPS Tracking & Fleet Management Services,"Founded 2006 in Reno, NV by Steve and Laurie Yarborough. Authorized Geotab Reseller. Serves small businesses and large government fleets nationwide. Remote engine diagnostics and GPS tracking systems.",Wholesale + Distribution
FLH,"Florida Hydronics, Inc.",Manufacturing (MWD),HVAC & Plumbing Equipment Distribution,Factory Representative & Wholesale Distribution,Operating throughout Florida since 1977. Factory Representative and Distributor of top-tier hydronic heating & cooling equipment. Partners with best manufacturers in engineered commercial HVAC and plumbing industries.,Wholesale + Distribution
chapmanco,ASC Equipment,Wholesale and distribution services (MWD),Construction Equipment Sales & Rental,"Equipment Dealer - Sales, Rental, Service","Now Ascendum Machinery (formerly ASC Construction Equipment USA). Leading Volvo Construction Equipment dealer in US since 2004. Started Charlotte, NC. Part of trans-regional Ascendum network since 2013.",Manufacturing + Wholesale
apexstone,"APEX STONE, LLC",Wholesale and distribution services (MWD),Natural Stone Supply & Fabrication,Supply & Custom Fabrication,"Leading natural stone supplier and custom fabricator in Sealy, TX (west of Houston). Serves clients nationwide. Premier destination for natural stone solutions with advanced fabrication equipment and skilled artisans.",Manufacturing + Wholesale + Distribution
jit,HBL (ASIA) LIMITED,Manufacturing (MWD),"Textiles, Labels & Printing Products Distribution",International Trade & Distribution,Hong Kong-based company (former name of HBL LIMITED). Private company involved in international trade and distribution. Import/export operations for textiles and printing products.,Distribution
vis2,NEPEAN Transport Equipment,Manufacturing (MWD),Heavy Vehicle Safety & Testing Equipment Manufacturing,Manufacturing & Distribution - Specialized Testing Equipment,"Australia's leading provider of automated wheel polishing, suspension, and brake roller testing equipment for heavy-duty trucks, buses, and trailers. Over 25 years experience. Part of NEPEAN Group, world leader in mining equipment and engineering.",Manufacturing
spkassociates,SPK Associates Corp,Wholesale and distribution services (MWD),Packaging Design & Manufacturing,Custom Design & Manufacturing,"Founded 1995 by Don Gardner. Minority and family-owned business specializing in custom packaging, displays, labels, and marketing materials. FSC certified folding carton and corrugated packaging.",Manufacturing
fifoil,Fi-Foil Company,Manufacturing (MWD),Reflective Insulation Manufacturing,Manufacturing & Distribution,"Florida-based manufacturer, 30+ years. One of nation's largest manufacturers of reflective insulation and radiant barriers. Leader and innovator in energy-efficient reflective insulation for residential, commercial, and agricultural buildings.",Manufacturing + Distribution
Eastwestemb2,East West Embroidery,Retail,Custom Embroidery & Apparel Services,Custom Manufacturing - On-Site Embroidery,Established 1995 (celebrating 30 years). On-site embroidery allows accommodation of tight deadlines and special projects while ensuring craftsmanship. State-of-the-art machines support both flat and 3D embroidery.,Manufacturing
windowmakeover1,Window Makeover,Manufacturing (MWD),Window Treatments & Coverings,PENDING - Specific company not identified,"PENDING RESEARCH - Specific 'Window Makeover' company details not found in search results. General window treatment industry includes blinds, shades, shutters, and custom window coverings.",Unclear
elecraft7,"Elecraft, Inc.",Manufacturing (MWD),Amateur Radio Equipment Manufacturing,Manufacturing - High-Performance Radio Equipment,"Founded 1998 in Watsonville, CA by Wayne Burdick and Eric Swartz. Produces demanding, high-performance radio equipment for DX'ers, contesters, portable, mobile operators. First product K2 transceiver prototyped October 1997.",Manufacturing
CunninghamPianoCo,Cunningham Piano Co,Retail,Piano Sales & Service,Retail Sales & Professional Services,"Since 1891. Originally piano manufacturer, closed pre-WWII, restarted post-war as restoration facility. Showrooms in King of Prussia PA, Cherry Hill NJ, Delmar DE. Serves Greater Philadelphia, South Jersey, coastal Delaware.",Manufacturing
ezloinnovation,Ezlo Innovation LLC,Wholesale and distribution services (MWD),Smart Home Automation & IoT Platform,B2B IoT Platform Development - Cloud-to-Ground Solutions,"B2B IoT platform developer with nearly 200 employees. HQ Bloomfield, NJ with offices in Ukraine, Romania, Colombia. Delivers white-label IoT solutions to brands. MiOS platform is world's most sophisticated smart home platform.",Unclear
Surfaceco,"SurfaceCo, The Surface Company",Manufacturing (MWD),Rubber Flooring & Surface Solutions Manufacturing,Manufacturing - Multi-Brand Surface Products,"Over a century of experience manufacturing premium surface solutions. Made in USA. Specializes in anti-fatigue mats, workspace mats, roofing pads, OEM products, custom surface solutions. Uses recycled rubber. Serves professional sports, government/military, universities, corporations.",Manufacturing
globalgatecontrols,"Global Gate Controls, Inc.",Retail,Access Control Equipment Distribution,National Distribution - Multi-Housing Specialization,"Founded 2001, Lakewood, CO. Leading national supplier to multi-housing industry. Active vendor relations with national property management companies. BBB A+ rating. Members of NAA, National Supply Council, CAI. 11-50 employees.",Wholesale + Distribution
accurateforklift3,Accurate Forklift,Manufacturing (MWD),"Forklift Sales, Service & Rentals","Sales, Service, Rentals & Parts Distribution","Founded 1996 in Atlanta, GA with over 50 years industry expertise. Headquartered East Point, GA. Serves metro Atlanta area. Comprehensive forklift repair for businesses of all sizes. Phone: (770) 692-1455.",Distribution
refreshdeal,Refresh Creations LLC,Manufacturing (MWD),Corporate Recognition & Financial Commemoratives Manufacturing,Custom Design & Manufacturing - Deal Toys & Awards,"Founded 2012, New York, NY (25 Broadway, 9th floor). Advertising services company born from experienced sales and design professionals. Mission to inspire employees through customized recognition and commemorative gifts.",Manufacturing
keybusinesssolutions,Key Business Solutions,Wholesale and distribution services (MWD),MULTIPLE COMPANIES - Requires Clarification,PENDING - Multiple companies with this name exist,"MULTIPLE ENTITIES FOUND: (1) IT Services & Data Analytics, (2) Software Development & Consulting (founded 1999, Fortune 1000 clients), (3) FinTech Provider (KeyKiosk, KeyPOS, KeyRemit), (4) Mailroom Solutions - 360KBS (30+ years, postage machines), (5) SAP ERP Solutions (Australia). Specific entity requires verification.",Unclear
BioAgEnergy,"BioAg Energy Services, LLC",Wholesale and distribution services (MWD),Bulk Petroleum & Renewable Motor Fuels Distribution,Wholesale Fuel Distribution - Agricultural Focus,"Full-service bulk petroleum and renewable motor fuels supplier. Partnership affiliate of Staples Oil Co., Inc. Operates bulk fuel facilities in Lake Benton MN, Balaton MN, and Pipestone MN. Serves upper Midwest.",Wholesale
hmtca,"**OLD** HORN MACHINE TOOLS, INC.",Manufacturing (MWD),CNC Tube & Pipe Bending Equipment Manufacturing,Manufacturing - Specialized Machinery,"Founded 1993, headquarters Madera, CA (40455 Brickyard Dr). US manufacturer of CNC/NC all-electric tube & pipe benders. Since 1990, President Kent Horn automated first single-axis tube bender. Made-in-USA machines for worldwide use. 22 employees, $5M revenue.",Manufacturing
solsticeag,"Solstice Agriculture, LLC",Manufacturing (MWD),Specialty Agricultural Products Distribution,Exclusive Distributor - Water-Soluble Fertilizers,"Humboldt-based specialty ag products distributor founded 2015. Incorporated February 26, 2019 in California. Patrick M Kanzler (registered agent), Zack Vondrak partnership. Exclusive worldwide distributor for Front Row Ag since 2019. Serves commercial and hobby farmers worldwide.",Manufacturing + Wholesale + Distribution
westernsquare1,"Western Square Industries, Inc.",Manufacturing (MWD),Agricultural & Industrial Metal Products Manufacturing,Manufacturing - Powder Coating & Metal Fabrication,"Founded 1978, Stockton, CA. World's leading producer of barrel racks for winery, brewery, distillery industries. First to manufacture and powder coat farm gates on west coast using unique square tubing. Expanded to diverse industries.",Manufacturing
lumax,HiLumz Acquisition LLC,Wholesale and distribution services (MWD),LED Lighting Manufacturing - Commercial/Industrial Retrofits,Manufacturing - High-Power LED Solutions,"Privately owned manufacturer in Alpharetta, GA. UL approved facility. Georgia-based US manufacturer primarily serving commercial and industrial marketplace. Named 2015 Top 40 Innovation Company by Technology Association of Georgia. Made in USA products.",Manufacturing
expressassembly1,Express Assembly Products LLC,Manufacturing (MWD),Industrial Assembly Tools & Equipment Distribution,Direct-to-End-User Sales & Distribution,"Established 2005, Nashua/Amherst, NH. One of largest single sources of light torque assembly tools. Serves 5,000+ customers across US, Canada, Mexico, Australia. Competitive pricing, 30-day evaluation, same-day shipping, 1-year warranty.",Distribution
botanaway,"BotanaWay, Inc.",Retail,Botanical Products & Dietary Supplements Manufacturing,cGMP Contract Manufacturing & Brand Building,"Headquarters Richmond, VA. Grown from small operation to world-class manufacturer with state-of-the-art facilities. Mission: premium quality, sustainably sourced, ethically produced botanical products. 100% product testing with available lab reports. Full 100% guarantee.",Manufacturing
westernpackaging,Western Packaging Inc,Wholesale and distribution services (MWD),Custom Flexible Packaging Manufacturing,"Design, Printing & Manufacturing - End-to-End Solutions","Privately-owned with printing legacy since 1971. Over 100 years combined experience in branding, design, printing, and manufacturing. Specializes in custom flexible packaging for nutraceutical brands. FDA-compliant materials, fast lead times, low MOQs.",Manufacturing
parlights,"Parlights, Inc.",Wholesale and distribution services (MWD),Theatrical Lighting & Rigging Solutions,"Sales, Installation, Service & Support","Operating since 1978, Frederick, MD. 20 employees, $2M revenue. One of first integrators to embrace all-LED lighting packages. Specializes in production, event, and religious spaces. Factory certified technicians throughout US.",Manufacturing
rlhindustriesinc2,"RLH Industries, Inc.",Manufacturing (MWD),Industrial Fiber Optic Equipment Manufacturing,"Design, Manufacturing & Installation","Engineering and manufacturing in Orange, CA since 1988. Distribution across North America and internationally. Serves telecommunications, utility, and industrial markets. 35+ years fiber optic solutions experience.",Manufacturing
leontineserver,"Leontine Linens, Ltd.",Retail,Luxury Custom Linens Manufacturing,Bespoke Manufacturing - Made-to-Order,"Founded 1996 by Jane Scott Hodges. Luxury custom-made linens for bed, bath, table. American-made, hand-sewn, produced in USA, ships from Kentucky studio. 10-12 week delivery. Showroom: 3806 Magazine St, New Orleans.",Manufacturing
blkcorp,"OSAAP America, LLC",Wholesale and distribution services (MWD),Shadow Board & Foam Inlay Manufacturing,CAD/CAM Design & Automated Manufacturing,Joint venture with OSAAP GmbH Germany. Massachusetts-based. Unique CAD/CAM processes for shadow board and foam inlay design/manufacturing. Lot size of one specialty - single board just as efficient as multiple boards. Entire process in-house.,Manufacturing
cpffloorsllc,CPF Floors LLC,Wholesale and distribution services (MWD),Flooring Distribution,Wholesale Distribution - Multi-Location Warehousing,"Founded recently, founders have 20+ years flooring expertise. Large inventory in Miami-Dade warehouse. 400-strong dealer network. Fast delivery at competitive prices. Sales to distributors and stores. Phone: (305) 602-2330.",Wholesale + Distribution
thesplashhottubspools,Splash Hot Tubs & Pools Inc,Retail,"Hot Tub, Pool & Spa Sales/Service","Sales, Service, Repairs & Installation","Started 1993 as Splash Nash Spas by Dave Nash in Whistler, BC. Grown from 13 clients to 500+ ongoing service clients. Locations: North Vancouver, Squamish & Whistler. Authorized Hot Spring dealer. Free in-home consultations.",Manufacturing + Wholesale
precisionsurgicalinc,"Precision Surgical, Inc.",Wholesale and distribution services (MWD),Medical Equipment Distribution,Distribution & Service Solutions,"Network of trained professionals serving healthcare partners. Representing Skytron in NJ and Manhattan for 30+ years. Headquarters: 6141 Kellers Church Rd, Pipersville, PA. High quality medical products distribution.",Distribution
bodegatile,Bodega Tile,Retail,Tile & Building Materials Retail,Retail Showroom & Design Services,"Launched 2019 by Ana and Dimce Manev (15 years tile industry expertise). Evolved to 'Bodega Style' with 13,000 sqft showroom design haven. Location: 1449 S State College Blvd, Anaheim, CA. Now bodegastyle.com.",Unclear
SunshineUSALLC1,Sunshine USA LLC,Manufacturing (MWD),MULTIPLE COMPANIES - Requires Clarification,PENDING - Multiple entities with this name,"MULTIPLE ENTITIES FOUND: (1) Johnson City, TN - Medical Equipment/Supplies Manufacturing, (2) Brazilian import company, (3) Covina, CA - Sunshine Industries USA (energy/water saving products, defense equipment parts, stocking distributor). Specific entity requires verification.",Manufacturing + Wholesale
mfmh,"Mid Florida Material Handling, Inc",Wholesale and distribution services (MWD),Material Handling Equipment Distribution,"Sales, Service, Rentals & Parts - Full-Suite Provider","Founded 2011 by Paul Sutherland and Andrea Ahern. True 'one-stop shop' for material handling and warehouse design. Orlando HQ, Tampa branch. Notable clients: Michelin, Delta, Disney, NASA. Authorized Komatsu, CLARK dealer. Phone: (407) 859-8750.",Wholesale + Distribution
abeep,"A Beep, LLC",Wholesale and distribution services (MWD),Push-to-Talk Telecommunications,PoC Provider & Two-Way Radio Services,"Founded 1996, Joliet, IL. 25+ year anniversary. Nation's largest privately held Push-to-Talk over Cellular (PoC) provider. Grown from small regional paging carrier and 2-way radio service to recognized PoC provider with proprietary Diga-Talk+ product line.",Manufacturing + Distribution
cdsanalytical,"CDS ANALYTICAL, LLC",Manufacturing (MWD),Analytical Laboratory Instrumentation Manufacturing,"Design, Manufacturing & Support - Thermal Sample Preparation","50+ years focused on thermal sample preparation instrumentation. Oxford, PA. Leading global provider. Incorporated as Chemical Data Systems 1969, introduced first Pyroprobe®. Made in USA. Acquired by LabTech LT May 2020.",Manufacturing
skyproduct,Sky Products,Wholesale and distribution services (MWD),MULTIPLE COMPANIES - Requires Clarification,PENDING - Multiple companies with this name,"MULTIPLE ENTITIES FOUND: (1) Sky Manufacturing - Aerospace fasteners (high-strength, fatigue-rated for aerospace, acquired by Novaria 2015), (2) Sky Manufacturing - Custom private-label apparel (run specialty since June 2020), (3) Sunny Sky Products - Dispensed beverage industry liquids/powders (6 facilities, Houston HQ), (4) Sky's Offroad Design - 800+ Toyota/Ford/Chevy off-road parts, (5) Sky Industries - Hook and loop manufacturer India since 1994. Specific entity requires verification.",Manufacturing
datamemorysales,"Data Memory Sales, Inc.",Wholesale and distribution services (MWD),Computer Memory & Storage Distribution,Distribution - Memory Upgrades & Components,"Data Memory Systems (DMS) supplying electronics industry with high quality components since 1963, memory modules since 1987. Salem, NH. Leading provider of memory upgrades and storage devices. BBB accredited. Lifetime replacement warranty.",Distribution
safaribeltingsystemsinc,"Safari Belting Systems, Inc.",Manufacturing (MWD),Plastic Modular Conveyor Belting Manufacturing,Specialized Manufacturing - Food Processing Focus,"Founded 2005 by Chris and Julia Smith. Acquired 2021 by Chiorino S.p.A. (international leader in light-weight conveyor belting). Specialized American manufacturer, primary belting provider to largest food processors. Over 400 belting solutions used in plants worldwide.",Manufacturing
nukitchens132,"Nu Kitchens, LLC",Wholesale and distribution services (MWD),Custom Kitchen & Bath Design,Complete Renovation - Design to Installation,"Founded 1950s by Joseph Najmy. Kitchen renovation company offering concept, design, installation, remodeling. South Norwalk, CT showroom (132 Water Street). Best of Houzz awards 2014, 2016, 2017, 2018. Decades of experience, family background in renovation/furniture craft/interior design.",Wholesale
elmusa,ELM USA Inc.,Wholesale and distribution services (MWD),MULTIPLE COMPANIES - Requires Clarification,PENDING - Multiple companies with this name,"MULTIPLE ENTITIES FOUND: (1) Environmental Lubricants Manufacturing - sustainable lubricants with on-site lab for conventional/synthetic/eco-friendly formulations, (2) Elm Industries - thermoset molding for military/aerospace/electronics with tight tolerances (phenolics, DAP, Urea, Epoxy, BMC), (3) ELM USA - disc repair equipment sales/service/parts distributor for ECO machines in Americas. Specific entity requires verification.",Manufacturing + Wholesale
ascocarbondioxideinc,ASCO CARBON DIOXIDE INC.,Manufacturing (MWD),CO2 & Dry Ice Solutions Manufacturing,"Design, Manufacturing & Installation - Complete CO2 Solutions","Swiss global company, part of Messer Group since 2007 (centre of competence for CO2). US subsidiary founded July 2016 in Orange Park, FL. 130+ years practical experience. CO2 production/recovery plants installed in 100+ countries.",Manufacturing
cfsusa1,Continental Field Systems,Manufacturing (MWD),Field Machining & Welding Services,On-Site & Shop Manufacturing Services,"Savannah, GA. 125,000 sq ft facility (20,000 sq ft expansion, $4M investment). Proprietary field equipment designed/tested/manufactured in-house. Serves power, pulp and paper, chemical, marine, steel, recycling industries and beyond. 24/7 emergency services.",Manufacturing
cityfloral,City Floral,Retail,Garden Center & Greenhouse Retail,Retail Sales & Growing Operations,"Denver's oldest remaining greenhouse, established 1911. Only full-service year-round garden center within Denver city limits. Founded by Lammermann family for cut flower production. Growing facilities now in Golden, CO (purchased early 90s). 1440 Kearney St, Denver, CO.",Manufacturing
atWork,Jeffs atWork Office Furniture,Retail,Office Furniture Retail & Distribution,Sales & Service - New & Pre-Owned,"Family owned and operated since 2000 (atWork network in Brantford since 1989). Largest selection of new and pre-owned office furniture in Brantford, Hamilton, Niagara area. 1125 Colborne Street E, Brantford, ON. Works with Canadian furniture suppliers, many in Ontario.",Manufacturing + Wholesale + Distribution
firestationfurniture,"Working Fire Furniture & Mattress Co, Inc.",Wholesale and distribution services (MWD),Fire Station Furniture & Mattresses Manufacturing,Specialized Manufacturing - Firefighter-Owned,Firefighter-owned and operated company supplying fire stations and emergency service facilities nationwide. Does not ship to residential addresses. Built Firehouse Tough® - engineered for 24/7 firehouse life. All products tested for emergency service environments.,Manufacturing
hollingbery,"Hollingbery and Son, Inc.",Manufacturing (MWD),Hop Supply & Processing,"Brokerage, Processing & Farming","Yakima, WA hop supplier. Hops in family since 1942. Brokered hundreds of millions of pounds worldwide. Modern technology for storage, T90 pellet production, laboratory analysis. 400-acre farm in Wapato, WA (300 acres tree fruit, 100 acres row crops).",Manufacturing + Wholesale
keastenterprises,Keast Enterprises Inc,Retail,"Agricultural, Construction & Forestry Equipment Distribution","Sales, Parts & Service - Multi-Brand Dealer","Henderson, IA. Iowa's source for ag/construction/forestry equipment and attachments. Serves all 50 states regularly. 80+ shortline brands. Thousands of parts on hand. Experienced technicians. Worldwide delivery.",Wholesale + Distribution
tippmannarmscompanyllc,Tippmann Arms Company LLC,Manufacturing (MWD),Firearms Manufacturing,Design & Manufacturing - In-House Machining,"New Haven/Fort Wayne, IN. Founded by Dennis Tippmann Jr. (formerly Tippmann Paintball - sold 2014). 86,000 sq ft state-of-the-art facility. All critical components machined in-house (upper/lower receivers, barrels, bolts/BCG). 4-axis CNC machines, gun drilling, rifling equipment.",Manufacturing
redeagleinternational,RedEagle International LLC,Manufacturing (MWD),Generic Agrichemicals Manufacturing & Distribution,Direct-to-Farmer Distribution,"Founded 2008 by Yingxue Yu. Lakeland, FL (5143 S Lakeland Dr Ste 4). Mission: provide farmers better value and more choice in agrichemical costs. Avoids high overhead, bundling incentives, rebates for transparent value. Pesticide, fertilizer, agricultural chemical manufacturing.",Distribution
LPIShownetwork,LPI SHOW NETWORK LLC,Wholesale and distribution services (MWD),PENDING - Company Not Clearly Identified,PENDING - Possible Event Production,"PENDING RESEARCH - No specific information found for 'LPI SHOW NETWORK LLC' as event production company. Multiple LPI companies exist (LPi Network web services, LPI Productions media, Lawrence Productions video). May operate under different name or limited online presence.",Manufacturing
vpnz,VPNZ Ltd,Manufacturing (MWD),"Industrial Vacuum Pumps, Compressors & Blowers","Sales, Service, Rental & Parts","Vacuum Pumps NZ Ltd, established 1998. Leading supplier to New Zealand and Pacific Islands for 20+ years. Family-owned (Directors Valerie & David Walls bought 2007). Exclusive NZ agent/distributor: Ingersoll Rand, Becker, Olympias, Masport. Repair/servicing cornerstone.",Wholesale
sunshinellc2023,"SunShine USA, LLC 2023",Manufacturing (MWD),Hot Tub & Swim Spa Manufacturing/Retail,Manufacturing & Retail - Multi-Brand Operations,"LPI Inc (Leisure Products International) - largest hot tub/swim spa retailer in US with 70+ company-owned stores. Employee owned. Made in USA. 450,000+ sq ft manufacturing space. Sister companies: MD Carts, Beast Carts, Sunco Tanning. Online: aqualivingstores.com.",Manufacturing
HundeggerNA,Hundegger USA LLC,Manufacturing (MWD),CNC Timber Construction Machinery Manufacturing,Sales & Service - Advanced Joinery Equipment,"US branch of Hans Hundegger AG (world market leader with 90%+ market share). Founded 2001, Charleston, UT. Over 5,300 Hundegger machines worldwide. Serves Mass Timber, CLT, Timber Frame Joinery, Wood Truss, Panel saws, EWP saws, off-site construction facilities.",Manufacturing
ctiusa,Conveyor Technology,Manufacturing (MWD),MULTIPLE COMPANIES - Requires Clarification,PENDING - Likely Conveyor Systems Design/Manufacturing,"MULTIPLE ENTITIES FOUND: (1) US Conveyor Technologies - complete system design firm, Mackinaw IL, founded 1988, serves scrap yards/recycling facilities, (2) QC Conveyors - leading manufacturer with automation/stainless/industrial series, (3) Power Pack Conveyor Company - 90+ years designing/manufacturing conveyor systems. Specific 'Conveyor Technology' entity requires verification.",Manufacturing
mdcarts1,Whisper Carts LLC,Wholesale and distribution services (MWD),Luxury Electric Golf Carts & Recreational Vehicles Manufacturing,"Design, Manufacturing & Retail - Multi-Brand Operations","Founded 2021 by Dave Hatley, Johnson City, TN. Tennessee-based leader in luxury electric golf carts with explosive growth. Recently acquired American Landmaster (UTV manufacturer) and Qwest Pontoons (pontoon boats). Expanded from golf carts into outdoor recreational vehicles.",Manufacturing
ntgproducts,"National Tool Grinding, Inc.",Manufacturing (MWD),Precision Tool & Centerless Grinding Services,Job Shop - Specialized Grinding & Machining,"Established 1951, Erie, PA. Specializes in centerless grinding and tool grinding services. General machining job shop also supplies carbide cutting tools. Fast turnaround times, high-quality service. BBB accredited.",Manufacturing
novamen,Novamen Inc.,Wholesale and distribution services (MWD),Industrial Chemical Distribution & Manufacturing,Distribution & Custom Solutions - Indigenous-Owned,"Indigenous-owned and operated, based Red Deer, Alberta. Serves oil, natural gas, mining, forestry, construction, transportation industries throughout Canada. 100 tanks with 5+ million liters bulk storage at 2 locations. Facilities: Red Deer, Blackfalds, Pincher Creek, Fort McKay, Chetwynd, Penhold, Grande Prairie.",Distribution
division9associates,"Division 9 Associates,Inc.",Wholesale and distribution services (MWD),Commercial Flooring Distribution - Multi-Line Sales Agency,Sales Agency - Multi-Manufacturer Representation,Co-founded 2010 by Scott Goldman and Larry Hooper (previously with J&J Flooring Group). Single source for quality flooring in Washington DC and Baltimore metropolitan markets. Multi-line sales agency representing several manufacturers.,Manufacturing + Wholesale + Distribution
appackagingcorp,AP Packaging Corp,Manufacturing (MWD),Protective Packaging Manufacturing,Manufacturing - Eco-Friendly & Temperature-Controlled Solutions,"Manufacturing facilities in Poughkeepsie, NY and Ohio. Produces high-quality protective packaging. Exclusive manufacturer of BioNatur Bubble (biodegradable, 79.9% biodegradation in 1284 days). Focus on eco-friendly paper-based and biodegradable solutions.",Manufacturing
artbrandsllc,"Art Brands Holdings, LLC",Manufacturing (MWD),Heat Transfer Manufacturing & Garment Decoration,Custom Manufacturing & Stock Products - Made in USA,"Blacklick, OH (225 Business Center Dr, just outside Columbus). Manufactures world's best heat transfers applied with commercial heat press to apparel and promotional products. Made in USA, ships worldwide. Serves businesses, schools, sports teams, organizations, individuals.",Manufacturing
siegelperformancesystems,"Siegel Performance Systems, Inc.",Wholesale and distribution services (MWD),Fitness & Rehabilitation Equipment Distribution,Full-Service Distribution - Facility Planning & Design,"Established 1993, Huntington, NY. Industry-leading full-service distributor of quality fitness and rehabilitation products. 30+ years as leading distributor for performance & cardio equipment. Now expanding into medical industry. Specialize in facility planning, layout & design for maximum space/equipment utilization.",Distribution
shedyard,The Shed Yard,Retail,Custom Outdoor Structures Manufacturing & Retail,Custom Building & Delivery - Family-Owned,"Local, family-owned, trusted business serving Colorado and New Mexico. Provides Colorado's highest quality custom-built storage sheds, studios, chicken coops, barns, garages. Builds and delivers premium outdoor structures. Free delivery to most of Colorado. Online customizer tool available.",Manufacturing + Distribution
raybiotech,RayBiotech Life,Manufacturing (MWD),Life Sciences - Proteomics Research Products Manufacturing,Manufacturing & Services - Antibodies & Immunological Products,"Founded 2001, Peachtree, GA. Leading life sciences company. Introduced first commercially available cytokine antibody array. ISO 13485:2016, cGMP manufacturing, ISO 17025:2017, CLIA certified. Serves scientific research, biotechnology, pharmaceutical development. All antibodies manufactured on-site.",Manufacturing
knf,KNF Neille Olson,Manufacturing (MWD),Diaphragm Pumps & Vacuum Systems Manufacturing,"Design, Manufacturing & Distribution - Global Leader","KNF Neuberger, Inc. - renowned global leader in manufacturing/distribution of high-quality vacuum pumps with decades of history. Develops, designs, manufactures diaphragm pumps for moving gases/liquids in industries worldwide. Environmentally-friendly, cost-effective alternatives to water aspirators.",Manufacturing + Distribution
mtausa,"MTA-USA, LLC",Wholesale and distribution services (MWD),Industrial Process Cooling & Compressed Air Treatment Manufacturing,Manufacturing - Now Part of Trane,"Leader in compressed air treatment products and process cooling equipment since 1982. Buffalo, NY. Over 35 years manufacturing industrial process cooling solutions for tough environments. Now part of Trane (leader in building technology, energy solutions), enhancing capabilities and service network.",Manufacturing
centricityvisioninc3,"Centricity Vision, Inc",Manufacturing (MWD),Ophthalmic Technology & Cataract Surgery Devices,Medical Device Design & Manufacturing - FDA Cleared,"Carlsbad, CA. Global ophthalmic technology company, formerly Mynosys Cellular Devices (rebranded May 2020). Developer of ZEPTO® and ZEPTOLink IOL Positioning Systems. FDA 510(k) clearance for ZEPTOLink (May 2023). October 2024 platform enhancements reduced treatment time by 60%.",Manufacturing
affordablemedical,Affordable Medical LLC,Retail,MULTIPLE COMPANIES - Requires Clarification,PENDING - Medical Equipment/Supplies Distribution,"MULTIPLE ENTITIES FOUND: (1) Affordable Medical Equipment (affordable-medical.myshopify.com) - professional distributor, AME LLC Nevada subsidiary, (2) Affordable Medical Supplies Arkansas/Missouri - respiratory equipment specialization (CPAP/BiPAP/oxygen), (3) Affordable Medical Supplies Dallas - family-owned 20+ years, 10,000+ customers, (4) Affordable Medical Supply Colorado Springs - rentals/sales general public/medical professionals, (5) Affordable Medical Supply (affordablemedical.com) - in-home supplies/equipment. Specific entity requires verification.",Distribution
exloc9,"Exloc Instruments, Inc.",Manufacturing (MWD),Hazardous Area Equipment & Intrinsically Safe Solutions,Distribution - Explosion-Proof Instrumentation,"Founded 1994, Montgomery, TX. Provides instruments, electronic devices, products designed/approved for hazardous classified locations (flammable gas, dust atmospheres). Partnered with experienced manufacturers in Europe and North America. Serves oil/gas, pharmaceutical, wastewater treatment, food/beverage (distillers, brewers).",Distribution
back2internationalltd,Back2 International Ltd,Retail,Ergonomic Office Furniture Distribution - UK Market,Sales & Services - DSE Assessments & Ergonomic Solutions,"30+ years providing ergonomic help to companies and individuals. London, England (40 Half Moon Crescent, N1 0TJ). UK's leading supplier of ergonomic office chairs for home/workplace. Authorized dealer: Herman Miller, HAG, Humanscale, Okamura, RH, Lavoro, Luxy, Moll. 5 stars, 1,713 customer reviews.",Wholesale
caribbeandiagnosticsltdCo1,Caribbean Diagnostics Inc,Wholesale and distribution services (MWD),Medical Laboratory Equipment & Service Provider,Distribution & Service - Caribbean Regional Specialist,"Cayman company owned by laboratory technologist and physician. George Town, Grand Cayman (Elizabethan Square-Eden House, PO Box 189, KY1-1004). Provides leading medical laboratories with best equipment/service in Caribbean region. Addresses regional challenges: hurricanes, customs issues, reagent supply concerns.",Distribution
profwhytekratom,Prof. Whyte Kratom,Wholesale and distribution services (MWD),Botanical Products - Kratom Manufacturing & Retail,Manufacturing & E-Commerce - Plant-Based Wellness,Founded in South Florida. Reputable kratom brand committed to premium plant-based wellness products. Emphasizes quality and transparency. Trusted supplier sourcing with rigorous third-party testing for each batch. Organic sourcing. 21+ only. Products $12-$160 range.,Manufacturing
agralarm1,"Agralarm, Inc.",Manufacturing (MWD),Agricultural Monitoring & Alarm Systems - Poultry/Livestock,Installation & Service - Farm Monitoring Solutions,"Based Salisbury, MD. 30+ years experience installing/providing service to poultry/livestock business owners across Southeast. Serves all major poultry integrators, over 2,200 farms. Contact: 888-968-2802. Tagline: 'Serving the Industry that Feeds the World'.",Manufacturing
hylunia,Hylunia Skin Care,Manufacturing (MWD),Vegan & Natural Skincare Manufacturing,Manufacturing & E-Commerce - Plant-Based Wellness,"Founded 1988 by Dr. Lingam and Dr. Brian Jegasothy, Henderson, NV. Developed for founder's daughter's sensitive skin, collaborated with dermatologists/anti-aging physicians. Certified vegan, cruelty-free, natural, plant-based, non-toxic, clean, anti-inflammatory. 11-50 employees. Combines ancient Ayurvedic principles with modern science.",Manufacturing
loretech,Lore Technology,Wholesale and distribution services (MWD),Industrial Imaging Solutions & Vision Systems,Design & Distribution - Veteran-Owned,"Founded 2020, Indianapolis, IN (55 Monument Circle, Suite 700). Service-disabled veteran-owned small business. 35+ years vision/electronics industry experience. Team experience: healthcare, manufacturing, physical security, nuclear power, cybersecurity. Subsidiary Wilco Imaging customizing since 2003. Contact: (317) 678-9309.",Distribution
tritterfeeferCo1,Tritter Feefer Home Collection,Manufacturing (MWD),Custom Home Furnishings Manufacturing - Wholesale,"Custom Manufacturing - Family-Owned, Made in USA","Founded 2007 by husband-wife Bill Aultman and ML Littlefield (moved Colorado to Georgia for grandchildren Tristan/Faith - Tritter/Feefer nicknames). 6 relocations before permanent LaGrange, GA home 2015. Family-owned, rich background in retail home furnishings/interior design. Wholesale only, showrooms: Atlanta, New York, High Point, Dallas.",Manufacturing
access2mobilityinc,Access2mobility,Retail,Mobility Equipment & Accessibility Solutions,Sales & Service - Complete Mobility Solutions,Provides complete mobility solutions for individuals with physical limitations. Offers both product sales and service options including repair/maintenance. Full-service mobility equipment provider for home and vehicle accessibility.,Manufacturing
bindersincCo1,"Binders, Inc.",Manufacturing (MWD),Custom Office Supply Manufacturing - Binders & Related Products,Full-Service Manufacturing - Made in USA,"Founded November 1981, Charlotte, NC. 35+ years manufacturing custom three ring binders and associated products. All manufacturing facilities/business offices in USA. Wholly owned subsidiary of Jones Holding Corporation (JHC) - privately funded holding company for small cap manufacturing/distribution acquisitions. Serves healthcare, legal, education, religious institutions, general business.",Manufacturing
MYOSCORP,MYOS CORP,Manufacturing (MWD),Advanced Nutrition - Muscle Health Products,"Research, Development & Commercialization","Research-based advanced nutrition company with Human Nutrition and Animal Health divisions. Built on world class science/research. Portfolio: 8 successful clinical studies, 7 patents. Formerly Myos Rens Technology Inc. Focused on discovery, development, commercialization of nutritional ingredients, functional foods, technologies for muscle tissue health/performance.",Manufacturing
animalhospitalsupplyinc2,Animal Hospital Supply Inc.,Retail,Veterinary Surgical & Critical Care Supplies Manufacturing,Manufacturing - Pet-Specific Medical Products,"Established 2012, Flowery Branch, GA (4142 Industry Way). Developed procedure-specific surgical drapes with world's leading veterinary surgeons. Manufacturer partner with MWI Animal Health (major veterinary distributor). Focus: pet-specific designs vs. adapting human medical products. Addresses modern technology need in veterinary medicine.",Manufacturing
supplyshield,Supply Shield Inc,Wholesale and distribution services (MWD),Electronic Components Distribution - Aerospace/Defense,"Procurement, Stocking & Distribution","Saint Petersburg, FL (3224 Bennett St N, 33713). Premier distributor of electronics, hardware, IT equipment. AS 9120 & ISO 9001:2015 certified. Customers: Aerospace/Defense Industries, Original Equipment Manufacturers, Contract Manufacturers. Semiconductors/electronic components sector. 1-10 employees, revenue under $1M.",Distribution
delmarvadesigncenter,Delmarva Design Center,Retail,Kitchen & Bath Design Center - Residential Remodeling,Design & Sales - One-Stop Shop,"Selbyville, DE 19975 (Delmarva Peninsula, Elizabethan Square-Eden House). 9,600 sq ft showroom with 24 kitchen displays. Kitchen/bath company offering cabinets, countertops, appliances, flooring, tile all in one location. 3D rendering design capability for discovering ideas/creating home designs.",Unclear
audiovideosupply,Audio Video Supply,Wholesale and distribution services (MWD),MULTIPLE COMPANIES - Requires Clarification,PENDING - Likely Audio Visual Equipment Distribution,"MULTIPLE ENTITIES FOUND: (1) Audio Video Supply (avsupply.com) - wholesale distributor providing single source solution to OEMs/system resellers for video components/cameras/lenses, (2) Audio Supply - distributor of commercial/professional A/V products since 1988 (Shure, Atlas, Crown, JBL, Soundtube, TOA), (3) Marshall Industries - leading AV system installation for schools/businesses. Specific 'Audio Video Supply' entity requires verification.",Wholesale + Distribution
trask2000,TRASK PERFORMANCE,Manufacturing (MWD),Motorcycle Performance Parts & Custom Builds,Full Service & Customization - Harley-Davidson Specialist,"Founded 2000 by Nick Trask (New Zealand to USA following motorcycle passion), Phoenix, AZ (21601 N 3rd Ave). Arizona's premier service/dyno tune facility. New facility brings manufacturing, R&D, customer support under one roof. Made in USA. Certified instructors for installation/tuning/dyno testing.",Manufacturing
atlanticgraphics,"Atlantic Graphic Systems, Inc",Manufacturing (MWD),Printing Machinery Distribution - New & Pre-Owned,Sales & Service - Factory Trained Support,"Established 1976, mid-Atlantic USA. 45+ years trusted supplier of quality new/certified pre-owned printing machinery. Factory trained service staff highly proficient in operation, mechanical/electronic repair. Serves mid-Atlantic graphics community with new/refurbished machinery, consumables, technical support.",Manufacturing + Wholesale + Distribution
houhyd,HOUSTON HYDRAULIC,Manufacturing (MWD),Hydraulic Components & Systems - Fluid Power Solutions,"Distribution, Design & Service - Since 1945","Serving hydraulic needs since 1945, Houston, TX (8101 Pinemont Dr). Comprehensive fluid power solutions provider. 60+ years designing/manufacturing hydraulic power units for wide-range applications. Distribution, design, manufacturing, testing, implementation capabilities.",Distribution
customequipmentcompanyinc,"Custom Equipment Company, Inc.",Manufacturing (MWD),Material Handling & Custom Packaging Solutions,Manufacturing & Distribution - Since 1978,"Since 1978, United States operations. Custom packaging specialists pioneering collapsible, reusable containers/pallets for semi-bulk liquid/dry products. 40+ years experience, thousands of solutions implemented. Serves manufacturing, distribution, agriculture, aerospace. Authorized distributor multiple brands.",Manufacturing
ssps,"SMITH Manufacturing (SSPS, Inc)",Manufacturing (MWD),Surface Preparation Equipment Manufacturing - Pavement/Flooring,Manufacturing - Contractor Equipment Specialist,"Pompano Beach, FL. Manufacturer of quality, cost-effective surface-preparation equipment/cutter tools for hard-working contractors. Maintains largest inventory of machines/consumable wear components. Helps contractors repair/maintain asphalt/concrete surfaces, achieve all 10 surface profiles.",Manufacturing
pacificergonomics,Pacific Ergonomics,Wholesale and distribution services (MWD),Ergonomic Office & Laboratory Furniture Distribution,Sales & Consulting - Complete Furniture Solutions,"Escondido, CA (329 W Grand Ave, just outside San Diego). Ergonomic business furniture boutique with specialty solutions for offices, laboratories, manufacturing. Complete office furniture supplier and ergonomic consulting firm. Two divisions: Business Furniture Solutions and Ergonomic Services creating work environments blending style, productivity, health.",Manufacturing + Wholesale + Distribution
pickonus,"Pick on Us, LLC",Retail,Eco-Friendly Disposables - Restaurant & Hospitality Products,Manufacturing & Wholesale - Custom Branding,"Provides eco-friendly disposables elevating presentation, delighting guests, protecting planet. Serves restaurants, hotels, caterers at wholesale prices. Contact: 760-597-0276 M-F 8am-4pm PST, info@pickonus.com. Notable clients: Ketel One Vodka, MGM Resorts International, Ruth's Chris Steakhouse. Supplies stadiums, airlines, cruise lines, large travel/entertainment venues.",Manufacturing + Wholesale
pscfloturninc,Flow-Turn Inc,Manufacturing (MWD),Powered Belt Curves & Spiral Conveyors Manufacturing,Global Manufacturing - Since 1980,"Founded 1980, Union, NJ. Global manufacturer of powered belt curves and spiral conveyors. Dedicated to delivering simple, efficient, reliable products to diverse national/international customers. Distribution/fulfillment centers, packaging/parcel facilities, airports installations.",Manufacturing
americanwholesaledistributors,American Wholesale Distributors,Wholesale and distribution services (MWD),Apparel & Custom Logo Branding Wholesale - awdinc.net,Wholesale Distribution - Men's & Boys' Clothing,"Canoga Park, California (21224 Vanowen St). SIC code 5136 (Men's and Boys' Clothing and Furnishings). Specializes in quality apparel, Lucky Gambler Clothing brand, custom logo branding/design. Website: awdinc.net. Note: Different from Alabama-based grocery distributor with similar name.",Wholesale + Distribution
mpactbeverage2,Mpact Beverage Company,Manufacturing (MWD),Ready-to-Drink Craft Cocktails Manufacturing,Premium RTD Beverage Production - Award-Winning,"Houston, TX. Produces premium ready-to-drink adult craft beverage products. Award-winning: Island Style Rita won Best Overall Wine Based RTD Cocktail 2024. Handcrafted small batches using finest ingredients/fruit juices worldwide, pure natural Louisiana cane sugar, proprietary Cryopact™ cold filtration process.",Manufacturing
grothouse,"Grothouse, Inc",Manufacturing (MWD),Luxury Wood Countertops & Butcher Blocks Manufacturing,Custom Manufacturing - Made in USA,"25+ years wood surfacing excellence, 50 acre farm facility. Master craftsmen, Made in USA, sustainable/renewable/eco-friendly practices. Featured on This Old House, DIY, HGTV networks. Award-winning products proudly manufactured USA.",Manufacturing
kuumbamadeCo2,Kuumba Made Inc,Manufacturing (MWD),Natural Botanical Fragrances & Aromatherapy Products,Manufacturing - Vegan & Cruelty-Free,"Began 1980 as one-person passion project, grown to nationally recognized brand. Focus: natural beauty, holistic wellness, self-expression. Vegan/cruelty-free (no animal-derived ingredients/testing). Clean, free of harmful chemicals. Long-lasting scent (one application, memorable impression). Available Amazon and kuumbamade.com.",Manufacturing
WonkyConfections,Wonky Confections LLC,Wholesale and distribution services (MWD),Delta-8 THC Edibles Manufacturing,Food Manufacturing - Cannabis Products,"North Dakota company (4225 38TH ST SW SHOP A AND B FARGO, ND 58104), Minnesota branch (Moorhead facility). Manufactures ready-to-eat human food products containing Delta-8 tetrahydrocannabinol (THC). Relationship with Alpine Hemp (CBD products). FDA warning letter issued July 2023 for product adulteration.",Manufacturing
USTestingEquipment,"U.S. Testing Equipment, Ltd.",Wholesale and distribution services (MWD),Security Screening Technology & Detection Equipment,Distribution & Service - Checkpoint Security,"Established 1995, Pacific Northwest's premier provider security screening systems/technology. Recognized leader in Detection Security market. Works closely with TSA, Department of Homeland Security, Military locations across country. Installation, training, on-going maintenance, repair solutions. Partnerships with manufacturing leaders.",Distribution
NadalieUSA,Nadalie USA,Manufacturing (MWD),Oak Barrel Cooperage - Wine & Spirits,Manufacturing & Importing - Artisan Craftsmanship,"Producing American/Eastern European oak barrels in Napa Valley since 1980. Imports French oak products from cooperages in Bordeaux and Marsannay. Pennsylvania milling, 24+ month seasoning before Calistoga facility. 50%+ artisans producing barrels 25+ years. Acquired Barrel Builders (Napa Valley cooperage). Exports worldwide.",Manufacturing
sumakenorthamericaMT,Sumake North America LLC,Manufacturing (MWD),Industrial Assembly Tools & Pneumatic Equipment,Exclusive Distribution & Service - North America,"Exclusive authorized Sumake distributor USA, Mexico, Canada. President: Michael DeChambeau. Factory authorized repairs, parts, calibration service for all Sumake industrial tools/accessories/torque assembly products. Serves manufacturing, assembly, automotive industries.",Manufacturing + Distribution
voltairesystems,"VoltAire Systems, LLC",Manufacturing (MWD),Thermal Management & Cabinet Cooling Systems,Manufacturing - Industrial HVAC Specialist,"Apopka, FL USA manufacturing. 40+ years thermal management/controls industry experience. Experts in thermal management/cabinet cooling for telecom/industrial markets. One of few providers offering air conditioners, heat exchangers, pressurization units. UL standards compliance.",Manufacturing
aswnorth,Angels' Share Wine Imports LLC,Wholesale and distribution services (MWD),Boutique Wine Importing & Distribution,Import & Distribution - Small Production Focus,"Founded 2004 in Red Hook, Brooklyn by Mark Snyder (music industry to wine distribution). Two regional divisions: Angels Share Wine 'North' (Brooklyn serving NY/NJ/CT) and Angels Share Wine 'South' (Orlando, FL - 1700 35th Street, Unit #109, orders@aswsouth.com serving FL). Focus: small-production, high-quality wines.",Manufacturing + Distribution
magnummarketing,Magnum Automotive Equipment,Manufacturing (MWD),Automotive Lift Equipment Manufacturing,Manufacturing - Multi-Category Lifts,"Manufactures premium automotive lifts for all purposes: residential parking solutions to portable mechanic lifts. Complete offering automotive, truck, specialty lift options. Attractive price point with parts/labor warranty. Quality construction (heavy-duty leaf chain, steel pulleys, high-strength cable equalization).",Manufacturing
vedafarming1,Veda Farming Solutions,Wholesale and distribution services (MWD),Agricultural Equipment Sales - Innovative Farming Implements,Sales & Distribution - Sustainability Focus,"20+ years technical/logistical experience in agricultural market. Salinas, CA (63 Monterey Salinas Hwy). Mission: give farmers great mechanical alternatives to face today's agricultural challenges. Reduce fuel cost, labor cost, environmental impact while increasing production, quality, sustainability. Tractors as central mobile power sources.",Distribution
dcooperworksllc,"D. COOPER WORKS, LLC",Manufacturing (MWD),Metal Fabrication & Press Brake Repair,Custom Fabrication & Equipment Repair - Family-Owned,"Family-owned/operated since 2003, Pennsylvania (Honey Brook, incorporated). Ephrata, PA operations. Press Brake Repair specialist. Custom fabrication, prototyping, problem solving for commercial/industrial community. Partners with companies specializing in custom replacement parts - niche in restoring older/orphaned equipment. Contact: (717) 733-4220. ~5 employees, $808K annual revenue.",Manufacturing
genprollc,GEN-PRO LLC,Wholesale and distribution services (MWD),MULTIPLE COMPANIES - Requires Clarification,PENDING - Likely Cable/Generator or Livestock Equipment,"MULTIPLE ENTITIES FOUND: (1) Gen-Pro Gig Harbor WA - TCERDirect™ cable/accessories manufacturing, SmoothStarter™ soft starters, X-Riser™ gas risers (standby generator/solar/pool/spa/EV charger installations, Made in USA, UL Type TC-ER-JP cable), (2) GenPro LLC - generator maintenance/service (telecommunications/healthcare/government/commercial standby generators), (3) GENEPRO Inc - global reproductive technology (livestock supplies engineering/manufacturing), (4) GenPro Energy Solutions - renewable energy (solar PV/water pumping/purification/LED). Specific 'GEN-PRO LLC' entity requires verification.",Manufacturing
inspiredsciencesllc,Inspired Sciences dba thermabliss,Wholesale and distribution services (MWD),Spa & Wellness Self-Heating/Cooling Products,Manufacturing - Patented Mineral Technology,"20th Anniversary celebration, originally Spa Revolutions. Las Vegas, NV. Inspired Sciences, LLC dba thermabliss. Patented Lava Gel natural mineral energy source (magnesium, iron, salt, water) produces precise heat levels. Mission: empower spas/salons with professional thermal wellness tools making operations more efficient/safe/profitable. Recovers 60+ minutes prep/cleaning/reheating time.",Manufacturing
paladinpower2,Paladin Power Inc,Manufacturing (MWD),Residential & Commercial Energy Storage Systems,Design & Manufacturing - US Veteran-Owned,US Veteran-owned/led. Leading residential/commercial ESS company. 5+ years R&D field testing. $10M+ contracted revenue. Designed/built in USA through strategic JABIL partnership (Tier 1 global manufacturer). Launched 2023 InterSolar and Energy Storage North America Show. California SGIP approved March 2023. Wefunder crowdfunding.,Manufacturing
simplesolutionsandinnovationsinc,"Simple Solutions and Innovations, Inc.",Manufacturing (MWD),Printing Trades Machinery Repair & Wholesale,"Repair, Maintenance & Distribution - Printhead Specialist","Established 1990 in New Britain, PA. Currently Danville, VA (701 Loyal St). Electronic/precision equipment repair and maintenance, machinery/equipment/supplies merchant wholesalers. Printing trades machinery/equipment repair specialization. Website: ssiprintheads.com. Contact: (434) 792-7392.",Distribution
dmitriyco1,DMITRIY & CO.,Retail,Luxury Couture Upholstery - Custom Furniture,Bespoke Manufacturing - Made-to-Order Atelier,"Founded 2011 by husband-wife team Donna and David Feldman, New York, NY. Modern upholstery atelier, timeless furniture design, exquisite craftsmanship. Three generations mastery from Lower East Side NY. Industry leader couture upholstery/contemporary furniture design. Acquired by Restoration Hardware December 2022 to support RH Couture Upholstery launch.",Manufacturing
deltakits1,"Delta Kits, Inc.",Manufacturing (MWD),Windshield Repair & Headlight Restoration Products,Manufacturing & Training - Professional Systems,"Leading manufacturer of windshield repair products. Professional windshield rock chip glass repair kits using innovative easy-to-use system. Certified training, exceptional customer service. Free support (telephone/chat), free technical videos/articles. Exhaustive laboratory/field testing for all resins.",Manufacturing
cathxmedicalinc2,"CathX Medical, Inc.",Manufacturing (MWD),Medical Device Contract Manufacturing - Catheters,"Design, Prototyping & Manufacturing - Zeus Company","Acquired by Zeus Industrial Products June 10, 2021. San Jose, CA. Zeus opened 75,600 sq ft Minnesota facility housing CathX Medical 2023. Single-source contract manufacturer for medical device companies/OEMs. Design engineering services, rapid prototyping, manufacturing, full/sub-assemblies. zeusinc.com/catheter-solutions/.",Manufacturing
equipmentguys,"The Equipment Guys, Inc.",Wholesale and distribution services (MWD),Strength Training Equipment Manufacturing,Manufacturing - Exclusive Brand Producer,"Founded 1995, Newark, OH (185 Westgate Dr, 43055-9313). Exclusive manufacturer of Stray Dog Strength training equipment. Premium brand manufactured in Ohio 15+ years. Weight Room Marketplace and Installation Services. Sporting/athletic goods manufacturing specialization. Contact: (614) 871-9220.",Manufacturing
namusa,"Nationwide Architectural Metals, Inc.",Wholesale and distribution services (MWD),Pre-Polished Architectural Metals & Specialty Fabrication,Supply & Custom Fabrication - One-Stop Metal Supplier,"Founded 1981, 40+ years experience. One-stop pre-polished metals supplier North America and worldwide. Reputation as single-source solution. Contact: 800-851-5053, metal@namusa.com. Design/build customer focus. Patented products.",Manufacturing + Wholesale
officefirstsolutions,OFFICE FIRST SOLUTIONS,Retail,Office Furniture Sales & Liquidation - New & Used,Wholesale & Retail - Full Service Solutions,"Columbus, OH (1665 Westbelt Dr). One of Ohio's largest used office furniture stores. Buys/sells new & used office furniture, cubicles, chairs. Years of experience providing office furniture solutions and liquidations. Services: interior design, space planning, delivery & installation. Contact: (614) 899-2300. Hours: M-F 9am-5pm, Sat 10am-2pm.",Wholesale
technisoilglobal,"TechniSoil Global, Inc.",Wholesale and distribution services (MWD),Soil Stabilization & Eco-Friendly Pavement Solutions,Manufacturing - Nano-Polymer Technology,"Founded 2006 by Sean Weaver. Redding, CA (5670 Westside Road). World-wide leader developing/manufacturing eco-friendly nano-polymer liquid sealers, binders, stabilizers. Patented TechniSoil G5® super-polymer proven on military/tank roads, energy sector roads, wineries, park systems. Innovation in modern landscapes.",Manufacturing
diamondTechnologies,"Diamond Technologies, Inc.",Manufacturing (MWD),Industrial Automation & Data Collection Solutions,Manufacturing & Distribution - OEM Embedded Systems,"Hudson, MA (43 Broad Street, Unit C103). Solutions provider for Data Collection and Automation challenges. Distributor and manufacturer since 1997. Specialized engineers design/manufacture/service customised solutions for OEM customers. Part of discoverIE Group plc. Value-added manufacturing services.",Manufacturing + Distribution
camachocoffee,Camacho Coffee,Manufacturing (MWD),Specialty Coffee Roasting - Small-Batch Air Roasted,Manufacturing & Wholesale - Ethical Sourcing,"Founded 2017 by Jesse and Megan Walters. Columbia, Missouri (4009 Frontgate Dr). Small-batch roaster focused on ethically sourced beans, bold balanced flavor. Fair-trade, single-origin coffee. Unique air roasting technique (smooth tasting, low acidic). Serves 40-50 wholesale clients (cafes, restaurants, offices, grocery stores). Retail tasting room, online ordering.",Manufacturing + Wholesale
coolsealgaskets,"Cool Seal Gaskets, LLC",Wholesale and distribution services (MWD),Commercial Refrigeration Repair & Gasket Services,Service - Veteran-Owned Specialist,"Founded by Anthony Ricciardo (former USMC Sergeant). Orlando and Kissimmee, FL (210 N Goldenrod Rd Ste 9B, Orlando). Veteran-owned company specializing in commercial refrigerator repair and gasket replacement. Free on-site inspection. Serves restaurants, hotels, supermarkets, medical facilities.",Unclear
antares,Antares Health Products,Manufacturing (MWD),Pharmaceutical Grade Vitamin E TPGS Manufacturing,Manufacturing - cGMP Certified Facility,"Sole US manufacturer of vitamin E TPGS. Supplies customers internationally including global pharmaceutical companies. cGMP manufacturing facility compliant with EU GMP Part II, ICH Q7, ISO 9001, ISO 14001, ISO 45001. Regularly inspected by US-FDA, Italian AIFA, Japanese PMDA. Leading supplier for pharmaceuticals, dietary supplements, food/beverage, personal care, animal nutrition.",Manufacturing
gitchsportswearCo1,Gitch Sportswear,Wholesale and distribution services (MWD),Custom Sublimated Sports Apparel & Team Uniforms,Manufacturing - Custom Design & Sublimation,"Established 2009, Toronto, Ontario, Canada. Sublimation sports apparel company that sells/designs customized team logo jerseys, uniforms, hats, bags. Low minimums, affordable price. Client base: sports clubs, schools, coaches, first responders. Corporate/events custom branded promotional products.",Manufacturing
methodmobility,MOBILITY PLUS VA LLC,Retail,"Mobility Equipment Sales, Rental & Service - VA-Approved",Distribution & Service - Veterans & Disabled Focus,"Founded 2007. VA-approved provider serving disabled veterans and aging Americans with disabilities for 15+ years. Serves VA patients and government employees. Relationships with top US mobility equipment manufacturers. Multiple locations. Complete sales, service, rental options. Prompt delivery, fair prices.",Distribution
apdminc,"APDM Wearable Technologies, Inc.",Manufacturing (MWD),Wearable Motion Sensors & Digital Health Technology,Manufacturing - Clinical Research & Healthcare,"Founded 2007 by Dr. James McNames, Portland, Oregon. Acquired by ERT in 2020 (now part of Clario). Digital health company offering Opal IMU sensor-based solutions for quantifying human movement. Trusted by 1,000+ researchers, featured in 700+ peer-reviewed publications. Medical-grade wearable sensors, digital biomarkers for clinical trials.",Manufacturing
ct,Centanni Tile Inc.,Wholesale and distribution services (MWD),European Tile & Stone Importing - Premium Ceramics,Import & Distribution - Western Canada,"Burnaby, British Columbia (3737 Napier St). Tile & Stone importer servicing Western Canada. Curated selection of unique European-imported ceramics and porcelains from Italy, Spain, worldwide. Distributes complete line of Laticrete Installation materials & Miracle Sealants Products. Supplies high-end homes, restaurants, hotels, spas.",Distribution
chalmersford,MHQ of Arizona,Manufacturing (MWD),Emergency Vehicle Equipment & Upfitting,Manufacturing & Service - Turnkey Solutions,"Family-owned business with locations in Arizona and New Mexico. Serves western law enforcement, fire services, public works, highway departments, housing authorities, utility companies, environmental safety, emergency medical services. Streamlined team-build approach. Service area: NM, AZ, TX, CO, UT, NV, CA and beyond.",Manufacturing
artemisbiosolutions,Artemis Bio-Solutions LLC,Manufacturing (MWD),Bio-Technology Decontamination & Remediation Solutions,Manufacturing - Sandia National Labs Licensed Technology,"Founded 2013, Wood Dale, Illinois. Bio-technology company offering next generation extremely safe decontamination/disinfection/deodorization solutions with high effectiveness and unprecedented efficacy. Predecessor introduced patented Sandia National Labs DF-200 formulation to insurance/restoration industry. Supplies international customers.",Manufacturing
enzusainc,ENZ USA  INC,Manufacturing (MWD),Sewer & Pipe Cleaning Equipment - Water Jetting Technology,Distribution & Manufacturing - Swiss Engineering,"Aurora, Illinois (1585 Beverly Court, Unit 115). US subsidiary of Swiss company established 1985. 95% products developed/manufactured in Switzerland. Worldwide leader in sewer/pipe cleaning equipment up to 36,000 PSI. Serves 50+ countries. Subsidiaries: Germany, Sweden, UK, USA.",Manufacturing
jafedecorating,JAFE Decorating Inc.,Manufacturing (MWD),Custom Glass Decorating & Candle Fulfillment,Manufacturing - Commercial Glassware Decoration,"Founded 1978, Greenville, Ohio. Industry leader in commercial glassware decorating for 40+ years. 67,000 square foot facility with 4 state-of-the-art robotic spray lines. Serves candle, skincare/beauty care, beverage/spirit markets. USA-made, eco-friendly glass decoration services. Member National Candle Association.",Manufacturing
photovaclasercorp,"Photovac Laser Corporation, Inc.",Wholesale and distribution services (MWD),CO2 Laser Repair & Remanufacturing Services,Service & Remanufacturing - Global Third-Party Provider,"Founded 1994, Grove City, Ohio (3513 Farm Bank Way). Leading provider of CO2 laser repair/remanufacturing for all major laser/engraver brands. Global reach: North/South America, Europe, Asia. Premier service firm supporting aerospace, automotive, electronics manufacturing, packaging, medical device fabrication, scientific research. President: Christopher Zelich.",Manufacturing
swsgroup1,SWS Detention Group Inc,Wholesale and distribution services (MWD),Correctional Facility Equipment Distribution & Contracting,Distribution & Installation - Canadian Market Leader,"Founded 1999, Winnipeg, MB (1-2120 Notre Dame Ave). One of most successful Canadian providers/distributors/contractors of intensive use products/services nationwide. Factory Certified Detention Equipment Contractor. Exclusive distributor of Norix Furniture in Canada. Serves correctional facilities, behavioral healthcare, education, transitional housing.",Distribution
psipressure,"PSI Pressure Systems, LLC",Manufacturing (MWD),High-Pressure Water-Blasting Equipment Manufacturing,Manufacturing - Patented Fluid End Technology,"Founded 2013 by Todd A. Shawver (formerly Union Pump Textron and NLB Corp). Full service waterblasting equipment manufacturer. Major source in water-blasting industry for equipment, technology, services. Manufactures high-pressure pumps 8,000-40,000 PSI (552-2,800 bar).",Manufacturing
gexcorpCo1,GEX Corporation,Manufacturing (MWD),Dosimetry Products & Radiation Measurement Services,Manufacturing & Laboratory Services - ISO 17025 Accredited,"Founded 1991. Single source provider of complete dosimetry products/services for radiation processing industry. International standards laboratory accredited by NVLAP to ISO/IEC 17025:2017 for calibrations/dose measurements (0.100 kGy to 100 kGy). Serves gamma, e-beam, X-ray radiation process applications.",Manufacturing
egeproducts,EGE Products,Manufacturing (MWD),Agricultural Spray Adjuvants & Micronutrients Manufacturing,Manufacturing - Family-Owned Agricultural Innovation,"Founded 2007, Minneola, KS. Family owned/operated agricultural business serving rural America. Fixture of agricultural innovation. Manufactures quality spray adjuvants & micronutrients. Focuses on enhancing effectiveness of agricultural spray applications and crop nutrients.",Manufacturing
virginialabsupplycorp,VIRGINIA LAB SUPPLY CORPORATION,Wholesale and distribution services (MWD),"Laboratory Equipment, Supplies & Chemicals Distribution",Distribution & Manufacturing - Multi-Industry Specialist,"Founded 1982, Richmond, VA (5400 Byrdhill Rd). Family owned business selling lab products for 25+ years. Also does business as Q/C Resource. HubZone Business, Small Business, Small Disadvantage Business, Woman Owned Business certifications. Serves every type of industry. Contact: (804) 261-3700.",Manufacturing + Distribution
hundegger,"Hundegger USA, L.C.",Manufacturing (MWD),CNC Timber Processing Machinery Manufacturing,Manufacturing - Global Market Leader (90%+ Share),"Heber City, Utah. Global market leader in CNC joinery machines with 90%+ market share. Strategic collaboration with Stiles Machinery. Serves timber construction worldwide. Swiss precision engineering. Applications: timber framing, roof truss making, log home construction, stick frame construction, glulam processing, playground equipment production.",Manufacturing
liquimedlock,LIQUIMEDLOCK INC.,Manufacturing (MWD),Secure Medication Packaging - Methadone Specialty,Manufacturing - Patented Compliance Packaging,"Founded by Jack Finkelstein (10+ years ago) to solve inefficient/insecure methadone dispensing in MAT programs. Focused exclusively on specialty compliance packaging for hand-fill/auto-fill methadone operations. ISO 8317 tested/certified. Serves pharmacies, nurses, treatment centers. Patented gasket design.",Manufacturing
mbgakllc,Mailbox Groceries Alaska LLC,Retail,Rural Alaska Grocery Delivery & Shipping,E-Commerce & Distribution - Remote Community Specialist,"#1 Alaskan Shipper of Groceries to Rural Alaskans. Anchorage-based. Large selection major brand groceries, fair prices, fast delivery. Priority mail service to zip codes 995/996/997 from Anchorage to village post office boxes. USPS, marine, air freight options. Quest cards accepted for air freight of perishables. Contact: chris@mbgak.com, 1-800-248-4419. 100% guarantee on nonperishables.",Distribution
ebproducts,Erazor bits,Wholesale and distribution services (MWD),Patriotic & Military Apparel E-Commerce,Design & Print - USA Manufacturing,"Serving patriots since 1993. All clothing printed in USA. South Florida operations. Specializes in patriotic apparel for US Military men/women. Serves military members, firefighters, police officers, first responders, fishermen, electricians, miners, mechanics, hunters, welders, truckers, poker players. Website: shoperazorbits.com. Available on Amazon.",Manufacturing
agproinc,"Agpro, Inc.",Manufacturing (MWD),Agricultural Equipment Manufacturing - Conservation Drills,Custom Design & Manufacturing - Pacific Northwest,"Founded 1987 by Wayne Neace and Jerry Harper. Specializes in No-Till Conservation Drills built for hills of Palouse. Lewiston, Idaho operations. Products throughout Pacific North-West. Expanding operations while designing/manufacturing better conservation drills. American craftsmanship.",Manufacturing
headnhome,American Hat Makers - HNH,Manufacturing (MWD),Premium Handcrafted Hats - Head n' Home Brand,Manufacturing - Family-Owned 50 Year Expertise,"Family-owned company with 50 years hat making experience. Owned by Garth Watrous (learned from father Gary Watrous, founder). Santa Cruz, California handcrafted operations. 50-Year Craftsmanship Guarantee. Head n' Home (HNH) brand. Finest materials. Highest standards of craftsmanship.",Manufacturing
hisigns,"Hi Signs, The Fath Group Ltd.",Manufacturing (MWD),Architectural Signage & Wayfinding Manufacturing,"Design, Fabrication & Installation - Western Canada","Founded 1974, acquired by THE FATH GROUP 2005. Part of Fath Group of Companies (Edmonton since 1956). 55,000 sq ft facility (moved 1999). Acquired 310-SIGN, Knorth Creative, Banff Sign Company. Edmonton and Calgary locations. Comprehensive services: planning/design to custom fabrication/project management.",Manufacturing
pma13,PMA-13,Manufacturing (MWD),Interior Architectural Signage & Wayfinding Systems,Manufacturing & Distribution - Wholesale Solutions,"Operates as Clarke Systems (clarkesystems.com). Allentown, PA. 35+ years leading wholesale interior wayfinding solutions. 2019 received $25,000 Ben Franklin investment for continuation project with Lehigh University's Center for Supply Chain Research. Serves sign companies/design specifiers nationwide.",Manufacturing + Wholesale + Distribution
Legitshipcbd06,Legit Ship LLC,Wholesale and distribution services (MWD),Hemp & CBD Industry B2B Connector - Wholesaling,Network Platform & Distribution - Seed to Sale,"Prospect, OR. Created to connect vetted Buyers, Suppliers, Service Providers within Hemp Industry on one trusted network. Managed by Corey Rauch, Managing Member. Connects businesses from seed to sale and everything in between. B2B connector and wholesaler. Website: legitshipcbd.com. Social media presence.",Wholesale + Distribution
classicrockfaceblock,Classic Rock Face Block,Manufacturing (MWD),Historic Concrete Rock Face Block Manufacturing,Manufacturing - Historical Replication Specialist,"Manufacturer of historic concrete rock face blocks (also known as rusticated or molded concrete blocks). Uses castings from original blocks and design plates to create historically accurate replicas. Suitable for restoration projects and period-style new construction. Approved by historic neighborhood associations, city historic commissions, National Park Service. Ships nationwide, no minimum quantity.",Manufacturing
spus,Sharp Performance USA Inc.,Wholesale and distribution services (MWD),Automotive Promotional Products & Dealer Accessories,Manufacturing - Custom Branded Solutions,"Established 2009 (acquired Concord Industries automotive division assets). Irwindale, CA (16029 Arrow Highway, Suite D) and Norwalk, CT locations. Expanded to LA 2012, relocated headquarters. Serves thousands automobile dealers, organizations, corporations worldwide.",Manufacturing
ptegolfCo1,"PTE Golf, LLC",Wholesale and distribution services (MWD),Golf Tournament Enhancement Products,Manufacturing & E-Commerce - Professional Golf Market,"Founded 2004, industry leader in 'Helping Professionals Look More Professional'. Custom tournament enhancement items for Golf Professionals. Products used across globe. Originally designed high-quality tournament products.",Manufacturing
aswsouth,Angels' Share South,Wholesale and distribution services (MWD),Boutique Wine Importing & Distribution - Florida Division,Import & Distribution - Southern Regional Operations,"Orlando, FL (1700 35th Street, Unit #109). Founded 2004 as Angels' Share Wine Imports, operating southern division since then. Office: 407-601-4951, orders@aswsouth.com. Gerome Tate: 407-230-3297. Florida licensed beverage distributor. Imports from Italy (Caviro Soc. Coop. Agricola), Greece (partnership with Cava Spiliadis). Serves Florida market. Northern division in Brooklyn, NY serves NY/NJ/CT.",Distribution
calpacific,"California Pacific International, LLC",Wholesale and distribution services (MWD),Food Distribution - Rice & Dry Goods Specialist,"Distribution - Freeze, Chill & Dry Services","Founded 1950, Burlingame, California. Bay Area headquarters. 70+ years serving Pacific region. State-of-the-art facilities, carefully selected distribution partners. 'Committed to Quality!' Website: calpacsf.com.",Distribution
staplesenterprises4,Staples Enterprises Inc.,Retail,Petroleum Distribution & Retail Convenience Stores,Wholesale & Retail - Family-Owned Energy Business,"Family-owned, Windom, MN headquarters (1680 Redding Ave N). 40+ years petroleum industry experience. Sister company to Staples Oil Co., Inc. Operates retail convenience stores, full-line grocery store, Dairy Queen restaurant in Southern Minnesota and Eastern South Dakota communities. Website: staplesoil.com.",Wholesale
MPDmedical,"MPD Medical Systems, Inc.",Wholesale and distribution services (MWD),Medical Carts & Hospital Cabinets Manufacturing,Manufacturing - USA Made Medical Equipment,"Central Illinois manufacturing facilities. 30+ years delivering innovative medical carts, workstations, cabinets for fast-paced healthcare demands. Hospital & health care company. Proudly made in USA, 100% latex-free.",Manufacturing
officefurniturecentreglasgow,Office Furniture Centre Ltd,Retail,Office Furniture Distribution - PENDING RESEARCH,PENDING - Likely Canadian Distribution,PENDING RESEARCH - No specific company information found. Likely Canadian office furniture distributor based on 'Ltd' designation and context. Requires additional verification for accurate details.,Distribution
goodchemistry,"Good Chemistry of Massachusetts, Inc",Retail,Vertically Integrated Cannabis Cultivation & Dispensary,Cultivation & Retail - Premium Small Batch Cannabis,Founded 2013. Vertically integrated cannabis company (Colorado and Massachusetts). Massachusetts locations: Lynn (696 Western Ave) and Worcester (9 Harrison St). Grows 100% of cannabis flower. 60+ different strains. Sells to dozens of dispensaries across Massachusetts (Cape Cod to NY border). Licensed cultivator and retailer.,Manufacturing
americanwholesaledistributors2,American Wholesale Distributors,Wholesale and distribution services (MWD),Apparel & Custom Logo Branding Wholesale - awdinc.net,Wholesale Distribution - Men's & Boys' Clothing,"Canoga Park, California (21224 Vanowen St). SIC code 5136 (Men's and Boys' Clothing and Furnishings). Specializes in quality apparel, Lucky Gambler Clothing brand, custom logo branding/design. Website: awdinc.net. Note: Different from Alabama-based grocery distributor with similar name.",Wholesale + Distribution
jouffreinc2,JOUFFRE INC,Manufacturing (MWD),Luxury Upholstery & Interior Decoration - French Craftsmanship,Atelier Manufacturing - Living Heritage Company,"Founded 1987, Lyon (French silk capital). Living Heritage Company (EPV) label by French government (awarded 2006, renewed 2012/2018). Workshops: Lyon and New York. Showrooms: Paris and Manhattan. Serves designers worldwide, hotel proprietors, public agencies, individuals. Renowned worldwide high-class upholstery (traditional and contemporary).",Manufacturing
cadsupplies1,CAD Supplies Specialty Inc.,Retail,Wide Format Printing Equipment & Supplies Distribution,"Sales, Service & Distribution - Austin, TX","Founded 1996, Austin, Texas. Helping businesses, architects, sign shops, reprographics professionals for 25+ years. Factory-trained technicians, installation/setup/expert advice. On-site/depot repair across Central Texas. Texas state contract vendor.",Distribution
tfriedl,T. Friedl Enterprises (2000) Inc.,Wholesale and distribution services (MWD),Printed Circuit Board Manufacturing Equipment & Supplies,Distribution & Service - PCB Industry Specialist,"Ontario, Canada. 25+ years providing high quality products/services to printed circuit board manufacturing industry. Exceptional technical expertise/customer service. Importer/distributor. Serves Printed Circuit Board, Printed Electronics, Wafer Level Products sectors.",Manufacturing + Distribution
ReuningMcKim,"Reuning-McKim, Inc.",Manufacturing (MWD),Steelmaking Technology & Telescopic Lances Manufacturing,"Design, Manufacturing & Distribution - Global Steel Industry","Saxonburg, PA. Half century steel industry experience. Serves customers across 11 countries on 4 continents. Innovative steelmaking technology. Designs/manufactures/distributes telescopic lances and insulating powders. Partnership with Trefimet.",Manufacturing + Distribution
hsa,HYDROLOGICAL SERVICES AMERICA,Wholesale and distribution services (MWD),Hydrological & Meteorological Equipment - Data Solutions,Manufacturing & Software - KISTERS Acquisition,"Now HyQuest Solutions America (merged with KISTERS June 1, 2023). Leading provider hydrological/meteorological equipment. Joined KISTERS AG global family (data management/analysis software). KISTERS North America branding. End-to-end solutions.",Manufacturing
equipmentlockCo,The Equipment Lock Company,Wholesale and distribution services (MWD),Heavy Equipment Security Locks Manufacturing,Manufacturing & Design - USA Made Security Solutions,"Founded 2001, Winchester, VA. One-stop shop for securing logistics/construction/recreational equipment. Pro-Active Equipment Security philosophy. Universal barrel-style key locks (pick/Freon/corrosion resistant). Designed USA, withstands thousands of pounds of force. Bright red steel locking devices.",Manufacturing
promotionalproductsfulfillmentdistributionltdCo1,PPFD Ltd.,Wholesale and distribution services (MWD),Third-Party Logistics & Fulfillment Services,Warehousing & Distribution - 3PL Provider,"Founded 1986, Greater Toronto area. Promotional Products Fulfillment & Distribution Ltd. 125,000 sq ft state-of-the-art warehouse (custom designed/built 2001). Tailored supply chain solutions. Website: ppfd.com.",Distribution
multiseal2,MULTI SEAL,Manufacturing (MWD),Industrial Tire Sealant Manufacturing,Manufacturing - USA Made High-Performance Sealants,"CEO: Wynand Schlechter. USA manufacturing. $5.2M revenue, <25 employees. Contact: (281) 591-0111. Industrial-grade sealants for demanding industrial equipment. Not recommended for passenger vehicles. Website: multiseal.us.",Manufacturing
lampnutra2,LAMP NUTRA,Manufacturing (MWD),Kratom Supplements & Nutraceuticals,Online Retail & Distribution - Royal Kratom Brand,"Founded 8/20/2014, Carlsbad, CA (3133 Tiger Run Ct Suite 107). Sole Proprietorship. Operates as LAMP Holdings and Royal Kratom. Contact: (800) 520-0966, info@lampnutra.com. NOT BBB Accredited. 11 years in business.",Distribution
imperialprivacysystemsllc,Imperial Privacy Systems LLC,Manufacturing (MWD),Healthcare Privacy Curtains & ICRA Barriers Manufacturing,Manufacturing - Family-Owned USA Made,"Formerly Imperial Fastener Co. 50+ years trusted leader. Family owned/operated, Pompano Beach, Florida. American-made cubicle curtains/temporary construction walls for healthcare/institutional settings. Website: imperialprivacy.com.",Manufacturing
ozopenergysystemsinc,"Ozop Energy Systems, Inc.",Manufacturing (MWD),Renewable Energy Products & EV Charging Solutions,Manufacturing & Distribution - Public Company (OZSC),"Founded with 29 years industry experience. Warwick, NY. OTC ticker: OZSC. Manufacturer/distributor Renewable Energy products. Subsidiary: Automated Room Controls Inc. National Field Service Partner for Leviton through Ozop Engineering and Design. Website: ozopenergy.com.",Manufacturing
boeckeler,"Boeckeler Instruments, Inc.",Manufacturing (MWD),Scientific Sample Preparation Equipment Manufacturing,Manufacturing - Nanoscale Research Equipment,"Tucson, AZ (4650 S Butterfield Dr). Privately-owned. 26 employees. Acquired Research and Manufacturing Company (RMC) at turn of millennium, bringing ultramicrotome technology. Engineers sample preparation equipment for nanoscale research. RMC Boeckeler product line. Life sciences/materials research emphasis. Website: boeckeler.com.",Manufacturing
stellalightinginc,Stella Lighting Inc,Wholesale and distribution services (MWD),LED Task Lamp Design & Manufacturing,Proprietary Design & Manufacturing - Patented Technology,"Founded 4/25/2012 by Nathan Wiedenmann (President & Founder). Springfield, OR (88141 Chita Loop). Grown from idea to global company. 16 patents for uniquely-designed LED lamps. In-house design based on direct user feedback. NAMTA Business Innovation Award. Philips Lumiled high performance LEDs. 2-year warranty.",Manufacturing
hydeparkpartners,American Engineering Group Ltd,Wholesale and distribution services (MWD),Engineering Solutions & Products - Water & Renewable Energy,"Product Design, Engineering & Marketing - Hyde Park Partners",Established 2014. Hyde Park Partners holding company owns/provides corporate resources. AEG International operations. Serves nations throughout Africa (including Tanzania) and worldwide. Comprehensive service range: product design/development to engineering analysis/manufacturing/marketing. Website: hydeparkpartners.us.,Manufacturing
pipefusionservicesinc,Pipefusion Services Inc.,Manufacturing (MWD),HDPE Pipe Fusion Services & Custom Fabrication,Field Services & Manufacturing - Polyethylene Specialist,35+ years experience. North America subject matter experts in pipe fusion (company named after process). Custom plastics company using HDPE with heat extrusion welding. Trained in all heat fusion techniques/field conditions. Alert (arctic circle) to deep Texas operations. Website: pipefusion.com.,Manufacturing
holdit,HOLDiT Marketing & Manufacturing,Manufacturing (MWD),Point of Sale Displays & Shelf Edge Systems - South Africa,Manufacturing - Retail Signage Inventor,"Founded 1986 by Paul Woodley (inventor of original self-adhesive Shelf STRiP™). Family owned/run. Port Elizabeth, South Africa (1 Homestead Rd, Kya Sand, Randburg, 2163). Contact: +27 11 244 1600. Premier POS equipment manufacturer. Website: holdit.co.za.",Manufacturing
okfoundry,"O.K. Foundry Co., Inc.",Manufacturing (MWD),Gray & Ductile Iron Castings - Historic Restoration Specialist,Foundry Manufacturing - Family-Owned Since 1912,"Founded 1912 by James N. O'Neil Sr. (Richmond railroad/industrial/agricultural equipment). Incorporated 1956 Virginia Corporation. O'Neil family owned/operated. Richmond, VA. Induction melting since 1976. No Bake resin sand molding line 1979. 2010 ExOne S-Max 3D sand printer (largest at time). Richmond Iron brand.",Manufacturing
sylvacorp,"Sylva Corporation, Inc.",Manufacturing (MWD),Forest Products Manufacturing - Mulch & Engineered Wood Fiber,Manufacturing & Wholesale - Family-Owned,"Founded 1997, Princeton, MN. Family-owned forest products innovator. 25+ years midwest region operations. Affiliate: Wood Chip of Princeton. Website: sylvacorp.com.",Manufacturing + Wholesale
mytcoatcommercialoutdoorfurniture,MyTCoat Commercial Outdoor Furniture,Manufacturing (MWD),Commercial Outdoor Furniture Manufacturing - Proprietary Coating,"Manufacturing - Whitney, TX Operations","Founded by Robert Webb, Rodney Webb, Troy Stephens. Whitney, TX. 60 years combined industry experience. American manufacturer. Proprietary Advantage Coating (no PVC/phthalates, 7-year warranty, 13 colors). Website: mytcoat.com.",Manufacturing
stanwoodredimix,"Stanwood Redi-Mix, Inc.",Manufacturing (MWD),Ready-Mixed Concrete Production & Delivery,Manufacturing & Distribution - Family-Owned Since 1966,"Founded 1966, Stanwood, WA (2431 Larson Rd). Third generation ownership. Local family-owned/operated. Leading producer ready-mixed concrete in area. Contact: 360-652-7777, info@stanwoodredi-mix.com. Residential/commercial clients. Website: stanwoodredi-mix.com.",Manufacturing + Distribution
urbanfrontltd,Urban Front Ltd,Manufacturing (MWD),Designer Hardwood Door Manufacturing - Bespoke Front Doors,Handcrafted Manufacturing - UK Made,"Chesham, Buckinghamshire, UK. 20 years modern door design/manufacturing innovation. Family business, young enthusiastic designer/craftsman team. Handcrafted in UK workshop. All doors designed in-house. Shipped worldwide. LPS1175 Grade 2 security testing, Secured by Design certified. Made in Britain.",Manufacturing
pfpspokane2,"Pure Filtration Products, Inc",Wholesale and distribution services (MWD),Air & Liquid Filtration Solutions Manufacturing,Manufacturing & Distribution - Filtration Specialist,"Founded 2009, Spokane, WA (4008 E Broadway Ave). Contact: (509) 315-8460. Serves commercial, industrial, residential sectors. State-of-the-art filtration solutions. Pure Care Program, resource library support. Delivery service for timely access to essential filtration products. Website: pfpspokane.com.",Manufacturing + Distribution
excelpkgsystems,"BPX Solutions, LLC",Wholesale and distribution services (MWD),Packaging Equipment & Supplies Distribution,Distribution & Consulting - Formerly Excel Packaging,"Formerly Excel Packaging. 35+ years experience. Ontario, CA. Leading packaging equipment supplier offering industrial equipment solutions. Carries Preferred Pack® brand equipment. Serves bakeries to printing companies to manufacturers. Website: bpxsolutions.com.",Distribution
wowo,"Wipe-on Wipe-off, LLC",Wholesale and distribution services (MWD),Automotive Detailing Products Distribution,Distribution & Retail - Family-Owned New England Distributor,"WOWO. Family-owned. 35+ years combined experience. Fitchburg, MA storefront (57A Summit St, open to public). Distributes auto detailing products to New England businesses via trucks. Education, training, quality products, dependable service focus. Website: wowotogo.com.",Distribution
vintagemakesllc,"Vintage Makers, LLC",Manufacturing (MWD),Custom Wine Cellar Design & Manufacturing,Custom Manufacturing - In-House Wine Cellar Specialist,"Founded 1994 (first store). Hudson, NH (15 Park Ave). All products built in-house in New Hampshire shop. Custom residential/retail wine cellar design, manufacturing, installation since 1994. Website: vintagemakers.com.",Manufacturing
nellieshairemporiumincnew,Nellie's Hair Emporium Inc.,Wholesale and distribution services (MWD),Hair Extensions & Wigs Manufacturing - Canada,Manufacturing & Distribution - Premium Hair Products Specialist,"30+ years manufacturing experience. Canada's #1 beauty supplier. Markham, ON (20-25 Valleywood Dr, L3R 5L9). Contact: (905) 604-6680. Specializes in high quality hair/eyelash extensions, custom/stock wigs, toupees, hair pieces. Constantly innovating new solutions. Infinitude brand (long-lasting real Remy hair). Websites: nellieshair.com, shopnhe.com.",Manufacturing + Distribution
northamericamattresscorp,North America Mattress Corp,Manufacturing (MWD),Specialty Foam Mattress Manufacturing - USA Made,Manufacturing - Healthcare & Specialty Mattress Specialist,"Nearly 3 decades experience. Clackamas, OR. Each mattress handmade in USA facility. Originally labor/delivery mattress company, expanded to extended healthcare departments. Gold HIRE Vets Medallion Award (US Dept Labor). RoamRest brand (camper van mattresses since 2010). Products used worldwide (hospitals, summer camps, universities, disaster relief). Website: northamericamattress.com.",Manufacturing
BonOpusSales,Bon Opus Biosciences,Manufacturing (MWD),Life Science Products & Custom Protein Production,Manufacturing & Services - Custom Biosciences Specialist,"Founded 2018. Millburn, NJ (150 Essex St). Name from Latin Bonum Opus (good work). Leading supplier life science products/custom services. Trusted supplier for 1,000+ organizations. Dedicated to elevating research through scientific/academic community partnerships. Molecular biology/gene synthesis expertise. Website: bonopusbio.com.",Manufacturing
callanindustrial,Hotsy Equipment Company,Wholesale and distribution services (MWD),Industrial Pressure Washer Sales & Service,Distribution & Service - Callan Industrial (Hotsy Franchise),"Hotsy of Houston part of Callan Industrial. North America's #1 cleaning equipment brand. Experienced sales/service staff, industrial cleaning equipment experts. Multiple regional locations (Michigan, Ohio, Kentucky, West Virginia, North Carolina, Texas including Houston/San Antonio/Rio Grande Valley). Website: callhotsy.com (Callan Industrial connection: hotsyhouston.com).",Distribution
endlessfunllc,"Endless Fun, LLC",Retail,Novelty Drinking Straws Manufacturing,Manufacturing - Magic Straws Specialist,"Minneapolis, MN (6401 West 106th St). Bloomington, MN location. Primarily operates in drinking straws business. Makes straws from purchased material. Wholesale novelties. Website: magicstraws.com.",Manufacturing
proav,Pro AV (Professional Audio Visual Ltd.),Retail,Audio Visual Equipment Sales & Service - Canada,Sales & Service - AV Industry Since 1983,"Professional Audio Visual Ltd. Regina, Saskatchewan, Canada. In audio-visual industry since 1983. Started primarily as service business offering repair/installation of audio visual equipment. 40+ years AV industry experience.",Unclear
